<?xml version="1.0" encoding="UTF-8"?>
<rules
    xmlns="http://namespaces.plone.org/diazo"
    xmlns:css="http://namespaces.plone.org/diazo/css"
    xmlns:xsl="http://www.w3.org/1999/XSL/Transform">

    <!-- Apply the following rules to standard Plone pages -->
    <rules css:if-content="#visual-portal-wrapper">

        <theme href="index.html" />

        <!-- Replace title with Plone's page title  -->
        <replace css:theme="html head title" css:content="html head title" />

        <!-- Copy base tag from Plone -->
        <before css:theme-children="html head" css:content="html head base" />


        

        <!-- Copy link, style, meta tags from Plone head -->
        <after css:theme-children="html head"
               content="/html/head/link | /html/head/style | /html/head/meta" />

        <!-- merge classes from Plone body with theme body -->
        <merge attributes="class" css:theme="body" css:content="body" />

        <!-- Copy script tags from Plone head to end of body -->
        <after css:theme-children="html body" css:content="html head script" />
        
        <before css:content="#viewlet-above-content" css:theme="#main" />
    <before css:content="#edit-bar" css:theme="#main" />
    <before css:content=".portalMessage" css:theme="#main" />
    <replace css:content-children="#content" css:theme-children="#main" />
    <after css:content="#viewlet-below-content" css:theme="#main" />
       
       <drop css:theme="#logo" />
      

        <replace
            css:theme="div#copyright"
            css:content="section#portal-footer-signature div.portletContent"
            />
          <!--needs to worked upon-->  
 <copy attributes="action" css:content='#portal-searchbox form' css:theme="#keyword" />
    <drop attributes="value" css:theme="#keyword" />
    <copy attributes="*" css:content='#searchGadget' css:theme="#keyword" />
        

        <drop
            css:theme="div#promo-wrapper"
            />

 <drop css:theme="div#footer"
           />

       <drop theme="//div[@id='page-wrapper']/div[4]/section/div/section"
           />

       <drop css:theme="div.wrapper section.container ul.actions li a.button"
           />

       <drop css:theme="section.container header.major p"
           />

       <drop css:theme="div#footer header.major h2"
           />

       <drop css:theme="section.container header.major h2"
           />

       <replace
           theme="//div[@id='page-wrapper']/div[2]/div/div/section[1]/p"
           css:content="p.discreet"
           />
       
       <replace
           theme="//div[@id='page-wrapper']/div[2]/div/div/section[2]"
           css:content="div#parent-fieldname-text"
           />
            
       <replace
           css:theme="section#hero ul.actions"
           css:content="div.LSBox"
           />

       <replace
           theme="//div[@id='page-wrapper']/div[2]/div/div/section[1]/header/h2"
           css:content="article#content header"
           />

       <replace
           css:theme="section#hero header h2"
           css:content="a#portal-logo img"
           />

       <replace
           css:theme="section#hero p"
           css:content="p.discreet"
           />
       
       <replace css:content-children="#portal-globalnav" css:theme-children="#tabs" />

    </rules>

</rules>